<?xml version="1.0" encoding="UTF-8"?>
<questestinterop xmlns="http://www.imsglobal.org/xsd/ims_qtiasiv1p2" xmlns:xsi="http://www.w3.org/2001/XMLSchema-instance" xsi:schemaLocation="http://www.imsglobal.org/xsd/ims_qtiasiv1p2 http://www.imsglobal.org/xsd/ims_qtiasiv1p2p1.xsd">
  <assessment ident="text2qti_assessment_c94f6f6923089d4ea7accc548ac7188c881ca2d0c9dd1647bc8a708489b8e2d6" title="CS-110 Programming 1: Example">
    <qtimetadata>
      <qtimetadatafield>
        <fieldlabel>cc_maxattempts</fieldlabel>
        <fieldentry>1</fieldentry>
      </qtimetadatafield>
    </qtimetadata>
    <section ident="root_section">
      <item ident="text2qti_question_24f4510bc82a094cbadc90c873b70d8adb6f9a63e9401b763b47ed4832aac22c" title="Question 1">
        <itemmetadata>
          <qtimetadata>
            <qtimetadatafield>
              <fieldlabel>question_type</fieldlabel>
              <fieldentry>multiple_choice_question</fieldentry>
            </qtimetadatafield>
            <qtimetadatafield>
              <fieldlabel>points_possible</fieldlabel>
              <fieldentry>8</fieldentry>
            </qtimetadatafield>
            <qtimetadatafield>
              <fieldlabel>original_answer_ids</fieldlabel>
              <fieldentry>text2qti_choice_d2f07f365dba52d5bd4aa5c939616295519036b2cb45be0b7fe6f4816be2c02d,text2qti_choice_af02be3a12cb47f32568a1957f8bd7ed60d0a694fbdaccb6c09fa9cf46e2a5d3,text2qti_choice_c81a40ffde5794a54681b139e070ab701b0dc4872d556c1bb003c6577ad6de24,text2qti_choice_f2bd1169a1a3e611b4ccd43025278136c20df09c8f0a36b659fda77482a12cb9,text2qti_choice_c7154be0c160e30655f0f29f07f1dc00a90c25b74d42ffdba782a23ccea0f51b</fieldentry>
            </qtimetadatafield>
            <qtimetadatafield>
              <fieldlabel>assessment_question_identifierref</fieldlabel>
              <fieldentry>text2qti_question_ref_24f4510bc82a094cbadc90c873b70d8adb6f9a63e9401b763b47ed4832aac22c</fieldentry>
            </qtimetadatafield>
          </qtimetadata>
        </itemmetadata>
        <presentation>
          <material>
            <mattext texttype="text/html">&lt;p&gt;CheckSum: What is the result of running the Simple Checksum algorithm on the string gjjatglweabcfviilpusupiyiwkeasmtwgbqskynymvayxxhdjumxmqnpsrenqkwanqmlakrvu?&lt;font style="display:none"&gt;4664076&lt;/font&gt;&lt;/p&gt;</mattext>
          </material>
          <response_lid ident="response1" rcardinality="Single">
            <render_choice>
              <response_label ident="text2qti_choice_d2f07f365dba52d5bd4aa5c939616295519036b2cb45be0b7fe6f4816be2c02d">
                <material>
                  <mattext texttype="text/html">&lt;p&gt;898643781&lt;/p&gt;</mattext>
                </material>
              </response_label>
              <response_label ident="text2qti_choice_af02be3a12cb47f32568a1957f8bd7ed60d0a694fbdaccb6c09fa9cf46e2a5d3">
                <material>
                  <mattext texttype="text/html">&lt;p&gt;707329136&lt;/p&gt;</mattext>
                </material>
              </response_label>
              <response_label ident="text2qti_choice_c81a40ffde5794a54681b139e070ab701b0dc4872d556c1bb003c6577ad6de24">
                <material>
                  <mattext texttype="text/html">&lt;p&gt;1298051481&lt;/p&gt;</mattext>
                </material>
              </response_label>
              <response_label ident="text2qti_choice_f2bd1169a1a3e611b4ccd43025278136c20df09c8f0a36b659fda77482a12cb9">
                <material>
                  <mattext texttype="text/html">&lt;p&gt;1196129611&lt;/p&gt;</mattext>
                </material>
              </response_label>
              <response_label ident="text2qti_choice_c7154be0c160e30655f0f29f07f1dc00a90c25b74d42ffdba782a23ccea0f51b">
                <material>
                  <mattext texttype="text/html">&lt;p&gt;1420866469&lt;/p&gt;</mattext>
                </material>
              </response_label>
            </render_choice>
          </response_lid>
        </presentation>
        <resprocessing>
          <outcomes>
            <decvar maxvalue="100" minvalue="0" varname="SCORE" vartype="Decimal"/>
          </outcomes>
          <respcondition continue="No">
            <conditionvar>
              <varequal respident="response1">text2qti_choice_f2bd1169a1a3e611b4ccd43025278136c20df09c8f0a36b659fda77482a12cb9</varequal>
            </conditionvar>
            <setvar action="Set" varname="SCORE">100</setvar>
          </respcondition>
        </resprocessing>
      </item>
      <item ident="text2qti_question_773a08e5e2ce461f2d61eb0d416c6402b4c5482df40351599293a24303ff963d" title="Question 2">
        <itemmetadata>
          <qtimetadata>
            <qtimetadatafield>
              <fieldlabel>question_type</fieldlabel>
              <fieldentry>multiple_choice_question</fieldentry>
            </qtimetadatafield>
            <qtimetadatafield>
              <fieldlabel>points_possible</fieldlabel>
              <fieldentry>8</fieldentry>
            </qtimetadatafield>
            <qtimetadatafield>
              <fieldlabel>original_answer_ids</fieldlabel>
              <fieldentry>text2qti_choice_11772c2d2af04aa6f21bc7c7431577f8ebaa8a74f17c2d73f4e936eb14807beb,text2qti_choice_55227a68af10c6d19a3ab37174fd3f7256341ef9c167e641258485ce1c525fae,text2qti_choice_534c4ab2c018b433159053d6094ce46bff8fb0680c94a6477c71a365862bf7d4,text2qti_choice_718abc7a8bb17fff2a29fddad6e8c3118e3cc0d1fe2a6b4f4478ef04a424a1b0,text2qti_choice_1b09c8380fe6d8b5c97ea5167c8849f6754bf7a6c7f5cda2b1196aabf9654056</fieldentry>
            </qtimetadatafield>
            <qtimetadatafield>
              <fieldlabel>assessment_question_identifierref</fieldlabel>
              <fieldentry>text2qti_question_ref_773a08e5e2ce461f2d61eb0d416c6402b4c5482df40351599293a24303ff963d</fieldentry>
            </qtimetadatafield>
          </qtimetadata>
        </itemmetadata>
        <presentation>
          <material>
            <mattext texttype="text/html">&lt;p&gt;CheckSum: Which of the following strings generates the simple checksum 75136932?&lt;font style="display:none"&gt;5221276&lt;/font&gt;&lt;/p&gt;</mattext>
          </material>
          <response_lid ident="response1" rcardinality="Single">
            <render_choice>
              <response_label ident="text2qti_choice_11772c2d2af04aa6f21bc7c7431577f8ebaa8a74f17c2d73f4e936eb14807beb">
                <material>
                  <mattext texttype="text/html">&lt;p&gt;ermwcsnllrcllormfykhmwebiamooptgrhcycshcolbkvvteeyatygdyynpwrhxdclqkwhi&lt;/p&gt;</mattext>
                </material>
              </response_label>
              <response_label ident="text2qti_choice_55227a68af10c6d19a3ab37174fd3f7256341ef9c167e641258485ce1c525fae">
                <material>
                  <mattext texttype="text/html">&lt;p&gt;nmyedsrkqjvmrafwlqlbvtcldxtgabsqxoimstufyrksbvrfvxqeulsgqcwsntqlyxpimpv&lt;/p&gt;</mattext>
                </material>
              </response_label>
              <response_label ident="text2qti_choice_534c4ab2c018b433159053d6094ce46bff8fb0680c94a6477c71a365862bf7d4">
                <material>
                  <mattext texttype="text/html">&lt;p&gt;qkitacqrvjjdepynkpqihcshgduytblfwohdfgvitsbwwdwwbsvrgsprnlmxdmjeqssfyqc&lt;/p&gt;</mattext>
                </material>
              </response_label>
              <response_label ident="text2qti_choice_718abc7a8bb17fff2a29fddad6e8c3118e3cc0d1fe2a6b4f4478ef04a424a1b0">
                <material>
                  <mattext texttype="text/html">&lt;p&gt;ijlugdaypwruymwjnvbuitymwauprevguxfmrphwsrarmgqkjpcdddbommgodgsycaweehg&lt;/p&gt;</mattext>
                </material>
              </response_label>
              <response_label ident="text2qti_choice_1b09c8380fe6d8b5c97ea5167c8849f6754bf7a6c7f5cda2b1196aabf9654056">
                <material>
                  <mattext texttype="text/html">&lt;p&gt;qlubhkeurrwpvsurtshprshupqoumgswdgufyaxhiykmciivarywowedfpfmlkcxoxxvhpc&lt;/p&gt;</mattext>
                </material>
              </response_label>
            </render_choice>
          </response_lid>
        </presentation>
        <resprocessing>
          <outcomes>
            <decvar maxvalue="100" minvalue="0" varname="SCORE" vartype="Decimal"/>
          </outcomes>
          <respcondition continue="No">
            <conditionvar>
              <varequal respident="response1">text2qti_choice_55227a68af10c6d19a3ab37174fd3f7256341ef9c167e641258485ce1c525fae</varequal>
            </conditionvar>
            <setvar action="Set" varname="SCORE">100</setvar>
          </respcondition>
        </resprocessing>
      </item>
      <item ident="text2qti_question_a24f627db5b6b78b31ea9863017904eaa1901b074d41fe4b7af873f6c700a998" title="Question 3">
        <itemmetadata>
          <qtimetadata>
            <qtimetadatafield>
              <fieldlabel>question_type</fieldlabel>
              <fieldentry>multiple_choice_question</fieldentry>
            </qtimetadatafield>
            <qtimetadatafield>
              <fieldlabel>points_possible</fieldlabel>
              <fieldentry>8</fieldentry>
            </qtimetadatafield>
            <qtimetadatafield>
              <fieldlabel>original_answer_ids</fieldlabel>
              <fieldentry>text2qti_choice_f706c500a75c3dba8d14c4ef6c1926c711e5b5fdde2b57ed8af25b0274799026,text2qti_choice_3d7a9e80d8fb21b07e2cf045aa4ee1f1502c9bbc8eef020810c14c1a5e794dd8,text2qti_choice_e2cdc94ffa8f000ae16c6e91bae7675bd5d10e481885378d762a366bd3fdaa81,text2qti_choice_72caec49b488f1ef1d98e9c6935a618d3f52e039903ea99c09c2499dd7506f9c,text2qti_choice_551bad6f8af5e3ddbe49a7fdd0d380922c45e81b7a5a9e58ec4e37e664864ba1</fieldentry>
            </qtimetadatafield>
            <qtimetadatafield>
              <fieldlabel>assessment_question_identifierref</fieldlabel>
              <fieldentry>text2qti_question_ref_a24f627db5b6b78b31ea9863017904eaa1901b074d41fe4b7af873f6c700a998</fieldentry>
            </qtimetadatafield>
          </qtimetadata>
        </itemmetadata>
        <presentation>
          <material>
            <mattext texttype="text/html">&lt;p&gt;CheckSum: Which of the following pairs represents a string and it&amp;rsquo;s simple checksum?&lt;font style="display:none"&gt;7621147&lt;/font&gt;&lt;/p&gt;</mattext>
          </material>
          <response_lid ident="response1" rcardinality="Single">
            <render_choice>
              <response_label ident="text2qti_choice_f706c500a75c3dba8d14c4ef6c1926c711e5b5fdde2b57ed8af25b0274799026">
                <material>
                  <mattext texttype="text/html">&lt;p&gt;cwaffdhanmteteymyisgjxajgxodghkvuewnkphgskqedgnradhkomrlypjcvbseybdo 983344598&lt;/p&gt;</mattext>
                </material>
              </response_label>
              <response_label ident="text2qti_choice_3d7a9e80d8fb21b07e2cf045aa4ee1f1502c9bbc8eef020810c14c1a5e794dd8">
                <material>
                  <mattext texttype="text/html">&lt;p&gt;ekxrbivfhkmfufhcvaknfyikxavecaiogdtppoirviccwtlyngiulbkssbyprovncvlf 1169922812&lt;/p&gt;</mattext>
                </material>
              </response_label>
              <response_label ident="text2qti_choice_e2cdc94ffa8f000ae16c6e91bae7675bd5d10e481885378d762a366bd3fdaa81">
                <material>
                  <mattext texttype="text/html">&lt;p&gt;vyrpifxgslbllsxnesavsqllmfnevpvcnrciaewbfyrxvvyohwcatsdtwrnpjbvcbljg 1548860274&lt;/p&gt;</mattext>
                </material>
              </response_label>
              <response_label ident="text2qti_choice_72caec49b488f1ef1d98e9c6935a618d3f52e039903ea99c09c2499dd7506f9c">
                <material>
                  <mattext texttype="text/html">&lt;p&gt;dpvmmlfjvwgyuvdmqevqdhnjakwwvacjcreangmaiubcimrbdugylriuecfqngjighad 1503253326&lt;/p&gt;</mattext>
                </material>
              </response_label>
              <response_label ident="text2qti_choice_551bad6f8af5e3ddbe49a7fdd0d380922c45e81b7a5a9e58ec4e37e664864ba1">
                <material>
                  <mattext texttype="text/html">&lt;p&gt;gncfrvokeeckijdinvuccjdmncmdjfgrgcurnfpmdaybmfntybekjamdrlwcjaoovdri 1900788597&lt;/p&gt;</mattext>
                </material>
              </response_label>
            </render_choice>
          </response_lid>
        </presentation>
        <resprocessing>
          <outcomes>
            <decvar maxvalue="100" minvalue="0" varname="SCORE" vartype="Decimal"/>
          </outcomes>
          <respcondition continue="No">
            <conditionvar>
              <varequal respident="response1">text2qti_choice_e2cdc94ffa8f000ae16c6e91bae7675bd5d10e481885378d762a366bd3fdaa81</varequal>
            </conditionvar>
            <setvar action="Set" varname="SCORE">100</setvar>
          </respcondition>
        </resprocessing>
      </item>
      <item ident="text2qti_question_1870b68f415902850f71b82fd769637de635f3244758fea2815eaeb046568d8d" title="Question 4">
        <itemmetadata>
          <qtimetadata>
            <qtimetadatafield>
              <fieldlabel>question_type</fieldlabel>
              <fieldentry>multiple_choice_question</fieldentry>
            </qtimetadatafield>
            <qtimetadatafield>
              <fieldlabel>points_possible</fieldlabel>
              <fieldentry>8</fieldentry>
            </qtimetadatafield>
            <qtimetadatafield>
              <fieldlabel>original_answer_ids</fieldlabel>
              <fieldentry>text2qti_choice_a3fd4db06a89616e126a5de1b442d040c54d2ab738d3146c84272c5ca4da66a5,text2qti_choice_8a1529bae4302c6723bd1ad496b5daf29687624412faee404c55f965081c65b6,text2qti_choice_8b25dd50bb57547172c6d8e8bf474e062cab82ccb6ac3ac48e183b6b424c2a4c,text2qti_choice_f654e050de75bf2023c3503a5063b12019dfc085c5ea6d754ca88b6bd7292467,text2qti_choice_8ff9ab976319d7f119184a0d2252dcf64ccd5f36acfdf2baa5ead5dddbed3470</fieldentry>
            </qtimetadatafield>
            <qtimetadatafield>
              <fieldlabel>assessment_question_identifierref</fieldlabel>
              <fieldentry>text2qti_question_ref_1870b68f415902850f71b82fd769637de635f3244758fea2815eaeb046568d8d</fieldentry>
            </qtimetadatafield>
          </qtimetadata>
        </itemmetadata>
        <presentation>
          <material>
            <mattext texttype="text/html">&lt;p&gt;Checksum: Which of the following strings generates the bitwise checksum 38?&lt;/p&gt;</mattext>
          </material>
          <response_lid ident="response1" rcardinality="Single">
            <render_choice>
              <response_label ident="text2qti_choice_a3fd4db06a89616e126a5de1b442d040c54d2ab738d3146c84272c5ca4da66a5">
                <material>
                  <mattext texttype="text/html">&lt;p&gt;xawnwjmhkfyupiyyhpkwfghyinjqhssuxmggcbcvomvohlduyklxiavidxjtbweio&lt;/p&gt;</mattext>
                </material>
              </response_label>
              <response_label ident="text2qti_choice_8a1529bae4302c6723bd1ad496b5daf29687624412faee404c55f965081c65b6">
                <material>
                  <mattext texttype="text/html">&lt;p&gt;idsxpxkonqkiajnlnombhsjttbatgfapvlcnsectbwcxphnwplkykdplvlhgggtgt&lt;/p&gt;</mattext>
                </material>
              </response_label>
              <response_label ident="text2qti_choice_8b25dd50bb57547172c6d8e8bf474e062cab82ccb6ac3ac48e183b6b424c2a4c">
                <material>
                  <mattext texttype="text/html">&lt;p&gt;aqmcyqqngnakmsbktngrccolmhvnwilifaptaiwftsjgdmwdalpijqangtrxxduxk&lt;/p&gt;</mattext>
                </material>
              </response_label>
              <response_label ident="text2qti_choice_f654e050de75bf2023c3503a5063b12019dfc085c5ea6d754ca88b6bd7292467">
                <material>
                  <mattext texttype="text/html">&lt;p&gt;jjksdlmhjuugyokohatvdqlbklgcodhxjlsiiaotqxqkiavxeqxteiikfmdrruhod&lt;/p&gt;</mattext>
                </material>
              </response_label>
              <response_label ident="text2qti_choice_8ff9ab976319d7f119184a0d2252dcf64ccd5f36acfdf2baa5ead5dddbed3470">
                <material>
                  <mattext texttype="text/html">&lt;p&gt;qfbgqqmevsqcvpvvbvmfocqktxilulrryjnivyokocrbwiglwgjftrkmfdkkltswq&lt;/p&gt;</mattext>
                </material>
              </response_label>
            </render_choice>
          </response_lid>
        </presentation>
        <resprocessing>
          <outcomes>
            <decvar maxvalue="100" minvalue="0" varname="SCORE" vartype="Decimal"/>
          </outcomes>
          <respcondition continue="No">
            <conditionvar>
              <varequal respident="response1">text2qti_choice_8a1529bae4302c6723bd1ad496b5daf29687624412faee404c55f965081c65b6</varequal>
            </conditionvar>
            <setvar action="Set" varname="SCORE">100</setvar>
          </respcondition>
        </resprocessing>
      </item>
      <item ident="text2qti_question_0a94db06ed90e982eb154c1b99acc7ae6201125dc1b63482dc1aeeaf6abcb25a" title="Question 5">
        <itemmetadata>
          <qtimetadata>
            <qtimetadatafield>
              <fieldlabel>question_type</fieldlabel>
              <fieldentry>multiple_choice_question</fieldentry>
            </qtimetadatafield>
            <qtimetadatafield>
              <fieldlabel>points_possible</fieldlabel>
              <fieldentry>8</fieldentry>
            </qtimetadatafield>
            <qtimetadatafield>
              <fieldlabel>original_answer_ids</fieldlabel>
              <fieldentry>text2qti_choice_c40426a21a3b9af55f1fc29016d0e8e284dcc9029ea12cd550eb77cf439f7190,text2qti_choice_60ca46d279bb3ef411b3c6a68bccd4b476619168630fa9528d142bdf24116c03,text2qti_choice_a15d1be44b3fac14de853cd0478c402aef13b4e115cfb35008981cca0840d6fd,text2qti_choice_4aed8029e32460a957ee187e374c674faa18630175e644931b9ef305e6a9f708,text2qti_choice_124c5110cbff7d733e13f60761a950f5786d29d5f28b18aa479721630c07fdf6</fieldentry>
            </qtimetadatafield>
            <qtimetadatafield>
              <fieldlabel>assessment_question_identifierref</fieldlabel>
              <fieldentry>text2qti_question_ref_0a94db06ed90e982eb154c1b99acc7ae6201125dc1b63482dc1aeeaf6abcb25a</fieldentry>
            </qtimetadatafield>
          </qtimetadata>
        </itemmetadata>
        <presentation>
          <material>
            <mattext texttype="text/html">&lt;p&gt;CheckSum: What is the result of running the Simple Checksum algorithm on the string jxrjnphqhiynubaldmteklwrrxlekjqpqthudknvvoyampybmcypnchvxyfrhyixo?&lt;font style="display:none"&gt;8299679&lt;/font&gt;&lt;/p&gt;</mattext>
          </material>
          <response_lid ident="response1" rcardinality="Single">
            <render_choice>
              <response_label ident="text2qti_choice_c40426a21a3b9af55f1fc29016d0e8e284dcc9029ea12cd550eb77cf439f7190">
                <material>
                  <mattext texttype="text/html">&lt;p&gt;73610003&lt;/p&gt;</mattext>
                </material>
              </response_label>
              <response_label ident="text2qti_choice_60ca46d279bb3ef411b3c6a68bccd4b476619168630fa9528d142bdf24116c03">
                <material>
                  <mattext texttype="text/html">&lt;p&gt;57647531&lt;/p&gt;</mattext>
                </material>
              </response_label>
              <response_label ident="text2qti_choice_a15d1be44b3fac14de853cd0478c402aef13b4e115cfb35008981cca0840d6fd">
                <material>
                  <mattext texttype="text/html">&lt;p&gt;76516967&lt;/p&gt;</mattext>
                </material>
              </response_label>
              <response_label ident="text2qti_choice_4aed8029e32460a957ee187e374c674faa18630175e644931b9ef305e6a9f708">
                <material>
                  <mattext texttype="text/html">&lt;p&gt;46048060&lt;/p&gt;</mattext>
                </material>
              </response_label>
              <response_label ident="text2qti_choice_124c5110cbff7d733e13f60761a950f5786d29d5f28b18aa479721630c07fdf6">
                <material>
                  <mattext texttype="text/html">&lt;p&gt;108017580&lt;/p&gt;</mattext>
                </material>
              </response_label>
            </render_choice>
          </response_lid>
        </presentation>
        <resprocessing>
          <outcomes>
            <decvar maxvalue="100" minvalue="0" varname="SCORE" vartype="Decimal"/>
          </outcomes>
          <respcondition continue="No">
            <conditionvar>
              <varequal respident="response1">text2qti_choice_c40426a21a3b9af55f1fc29016d0e8e284dcc9029ea12cd550eb77cf439f7190</varequal>
            </conditionvar>
            <setvar action="Set" varname="SCORE">100</setvar>
          </respcondition>
        </resprocessing>
      </item>
      <item ident="text2qti_question_f55c9e9ae3126dc359dcfb72c7539a4c162ace96312578808b311912a6183be0" title="Question 6">
        <itemmetadata>
          <qtimetadata>
            <qtimetadatafield>
              <fieldlabel>question_type</fieldlabel>
              <fieldentry>multiple_choice_question</fieldentry>
            </qtimetadatafield>
            <qtimetadatafield>
              <fieldlabel>points_possible</fieldlabel>
              <fieldentry>8</fieldentry>
            </qtimetadatafield>
            <qtimetadatafield>
              <fieldlabel>original_answer_ids</fieldlabel>
              <fieldentry>text2qti_choice_c05ab3fc5f878a64bccc2483fdde1dcaf1423566d53bef647f2b04e32fb59a8d,text2qti_choice_40b03bf13b365181121b1e8c647352109e38153e30e20ea54e91bf568233d97d,text2qti_choice_1950cd4e7956fc7ba5e8df5c6040c05f0cfc28db3e9ce5a1871e26a36110cb3a,text2qti_choice_dccbebaabaf11614d492d08728044372eb2009fe36e7c5cc1f25050e598d4d66,text2qti_choice_ef3aad563e7992d2145839e4fb5bcf85cc579657c833b9679ee6a96d0e1662c9</fieldentry>
            </qtimetadatafield>
            <qtimetadatafield>
              <fieldlabel>assessment_question_identifierref</fieldlabel>
              <fieldentry>text2qti_question_ref_f55c9e9ae3126dc359dcfb72c7539a4c162ace96312578808b311912a6183be0</fieldentry>
            </qtimetadatafield>
          </qtimetadata>
        </itemmetadata>
        <presentation>
          <material>
            <mattext texttype="text/html">&lt;p&gt;CheckSum: Which of the following strings generates the simple checksum 295720796?&lt;font style="display:none"&gt;5851855&lt;/font&gt;&lt;/p&gt;</mattext>
          </material>
          <response_lid ident="response1" rcardinality="Single">
            <render_choice>
              <response_label ident="text2qti_choice_c05ab3fc5f878a64bccc2483fdde1dcaf1423566d53bef647f2b04e32fb59a8d">
                <material>
                  <mattext texttype="text/html">&lt;p&gt;rsyqxpmmalhtlywxolpntqigfkmnkcashvhrsqwxcyhodhaihbxlrxcxwaanibmnbjtcjynnwtj&lt;/p&gt;</mattext>
                </material>
              </response_label>
              <response_label ident="text2qti_choice_40b03bf13b365181121b1e8c647352109e38153e30e20ea54e91bf568233d97d">
                <material>
                  <mattext texttype="text/html">&lt;p&gt;ciwfhqmwsybailexixqcejxvbpceeevtojaexjpolruvxqkwhqpjkseyhkjnhdxkyqwnculmygu&lt;/p&gt;</mattext>
                </material>
              </response_label>
              <response_label ident="text2qti_choice_1950cd4e7956fc7ba5e8df5c6040c05f0cfc28db3e9ce5a1871e26a36110cb3a">
                <material>
                  <mattext texttype="text/html">&lt;p&gt;fwtbcsidotewoqjgfontststkimryfmdeoqkfjlqlcuexdtgfnvfoqjosvyewqdmsjwdeelxnwd&lt;/p&gt;</mattext>
                </material>
              </response_label>
              <response_label ident="text2qti_choice_dccbebaabaf11614d492d08728044372eb2009fe36e7c5cc1f25050e598d4d66">
                <material>
                  <mattext texttype="text/html">&lt;p&gt;vkocgtqbnvaifnnvcpdfweydiddaxopsmhfvyhcatqvfnlavqdwvpvwcfjrydqpmuqldvpuoukg&lt;/p&gt;</mattext>
                </material>
              </response_label>
              <response_label ident="text2qti_choice_ef3aad563e7992d2145839e4fb5bcf85cc579657c833b9679ee6a96d0e1662c9">
                <material>
                  <mattext texttype="text/html">&lt;p&gt;fabmejbyfkspmvgmcybgxpnnscgcwidraslylvcjkspbyrkbddmcfswdxpdvmckwvjywmepebsl&lt;/p&gt;</mattext>
                </material>
              </response_label>
            </render_choice>
          </response_lid>
        </presentation>
        <resprocessing>
          <outcomes>
            <decvar maxvalue="100" minvalue="0" varname="SCORE" vartype="Decimal"/>
          </outcomes>
          <respcondition continue="No">
            <conditionvar>
              <varequal respident="response1">text2qti_choice_c05ab3fc5f878a64bccc2483fdde1dcaf1423566d53bef647f2b04e32fb59a8d</varequal>
            </conditionvar>
            <setvar action="Set" varname="SCORE">100</setvar>
          </respcondition>
        </resprocessing>
      </item>
      <item ident="text2qti_question_3f187f9604a56ce584c71eed561632db09975afb8c1a078b5ecd192184e5c62a" title="Question 7">
        <itemmetadata>
          <qtimetadata>
            <qtimetadatafield>
              <fieldlabel>question_type</fieldlabel>
              <fieldentry>multiple_choice_question</fieldentry>
            </qtimetadatafield>
            <qtimetadatafield>
              <fieldlabel>points_possible</fieldlabel>
              <fieldentry>8</fieldentry>
            </qtimetadatafield>
            <qtimetadatafield>
              <fieldlabel>original_answer_ids</fieldlabel>
              <fieldentry>text2qti_choice_d735ecda3b3c62c1ae918aaaad3c1b452021bc3b09adfe6948f7bf91f16fb6e4,text2qti_choice_b7f78ab96a0024aeceb90739aba92647f31fbca1957ffb63d4a6630721f9bc38,text2qti_choice_5b9566a136667d0fcde98517f03be386bcd617257612afae275eb13abb16a09f,text2qti_choice_d8088eca1540a263b728c9ad76f485f3f5bfb024a5887879336f1ed1d0151665,text2qti_choice_ee10ef970f6a17dfaa41b23450197ce842919a58bfd0fa567b7657295fc87485</fieldentry>
            </qtimetadatafield>
            <qtimetadatafield>
              <fieldlabel>assessment_question_identifierref</fieldlabel>
              <fieldentry>text2qti_question_ref_3f187f9604a56ce584c71eed561632db09975afb8c1a078b5ecd192184e5c62a</fieldentry>
            </qtimetadatafield>
          </qtimetadata>
        </itemmetadata>
        <presentation>
          <material>
            <mattext texttype="text/html">&lt;p&gt;CheckSum: Which of the following pairs represents a string and it&amp;rsquo;s simple checksum?&lt;font style="display:none"&gt;9947087&lt;/font&gt;&lt;/p&gt;</mattext>
          </material>
          <response_lid ident="response1" rcardinality="Single">
            <render_choice>
              <response_label ident="text2qti_choice_d735ecda3b3c62c1ae918aaaad3c1b452021bc3b09adfe6948f7bf91f16fb6e4">
                <material>
                  <mattext texttype="text/html">&lt;p&gt;ngtsjmgkqqsbbmuatbgtcnenrjxhcwyxoemtrwuhfqhtdjnjdfaqneikstnguuweppyqiotm 895631626&lt;/p&gt;</mattext>
                </material>
              </response_label>
              <response_label ident="text2qti_choice_b7f78ab96a0024aeceb90739aba92647f31fbca1957ffb63d4a6630721f9bc38">
                <material>
                  <mattext texttype="text/html">&lt;p&gt;rsktkefuveckccoslmnyfgcqjibpchamvgqmlwqulfmsoxnftxsdypqmoeawwilcncyqpalr 1593492907&lt;/p&gt;</mattext>
                </material>
              </response_label>
              <response_label ident="text2qti_choice_5b9566a136667d0fcde98517f03be386bcd617257612afae275eb13abb16a09f">
                <material>
                  <mattext texttype="text/html">&lt;p&gt;pmlgyfxgkteqkhjxgjakytmpjckfkipcsflmvatpiuvrmhvmlfvhmwiftyelgulfrlocgcsh 742884579&lt;/p&gt;</mattext>
                </material>
              </response_label>
              <response_label ident="text2qti_choice_d8088eca1540a263b728c9ad76f485f3f5bfb024a5887879336f1ed1d0151665">
                <material>
                  <mattext texttype="text/html">&lt;p&gt;tbolggfjlsdrckvkmrrjqhksasoppklndyvcpxxxayjynsgoqbpxdbxcbjbwlemtksropiqh 1039669883&lt;/p&gt;</mattext>
                </material>
              </response_label>
              <response_label ident="text2qti_choice_ee10ef970f6a17dfaa41b23450197ce842919a58bfd0fa567b7657295fc87485">
                <material>
                  <mattext texttype="text/html">&lt;p&gt;vhjqwarvjnnrhtjkyoekqfpsbqxlhklaavjpjjllogyafmnlpixghbyrrdtytwgxyekwkvsa 1334067920&lt;/p&gt;</mattext>
                </material>
              </response_label>
            </render_choice>
          </response_lid>
        </presentation>
        <resprocessing>
          <outcomes>
            <decvar maxvalue="100" minvalue="0" varname="SCORE" vartype="Decimal"/>
          </outcomes>
          <respcondition continue="No">
            <conditionvar>
              <varequal respident="response1">text2qti_choice_ee10ef970f6a17dfaa41b23450197ce842919a58bfd0fa567b7657295fc87485</varequal>
            </conditionvar>
            <setvar action="Set" varname="SCORE">100</setvar>
          </respcondition>
        </resprocessing>
      </item>
      <item ident="text2qti_question_17f20c67ff4d0ac499548360d96a6379f76cf5bae3c71dd8628497ba3a1b4da0" title="Question 8">
        <itemmetadata>
          <qtimetadata>
            <qtimetadatafield>
              <fieldlabel>question_type</fieldlabel>
              <fieldentry>multiple_choice_question</fieldentry>
            </qtimetadatafield>
            <qtimetadatafield>
              <fieldlabel>points_possible</fieldlabel>
              <fieldentry>8</fieldentry>
            </qtimetadatafield>
            <qtimetadatafield>
              <fieldlabel>original_answer_ids</fieldlabel>
              <fieldentry>text2qti_choice_46a92a6291ac97567c7bbbf085125e783734242b4ebe3c9ec837d4bb0cfd9756,text2qti_choice_11806cd9475206f49aaa8b88b2985af20ac8d4b78055fa429b391feb1ee9b463,text2qti_choice_b216420bcde568d19254cabb54929d1f1badde79c382b4a3f48d973d75972c57,text2qti_choice_dfef18a852ef2cdbbaa8cee51f9b530356418ce0f9205892980bc472a74ba553,text2qti_choice_54a05be326234241508c89db65c8fc4acb04a615c8b7b13f2e6edd322cbcd27d</fieldentry>
            </qtimetadatafield>
            <qtimetadatafield>
              <fieldlabel>assessment_question_identifierref</fieldlabel>
              <fieldentry>text2qti_question_ref_17f20c67ff4d0ac499548360d96a6379f76cf5bae3c71dd8628497ba3a1b4da0</fieldentry>
            </qtimetadatafield>
          </qtimetadata>
        </itemmetadata>
        <presentation>
          <material>
            <mattext texttype="text/html">&lt;p&gt;Checksum: Which of the following strings generates the bitwise checksum 121?&lt;/p&gt;</mattext>
          </material>
          <response_lid ident="response1" rcardinality="Single">
            <render_choice>
              <response_label ident="text2qti_choice_46a92a6291ac97567c7bbbf085125e783734242b4ebe3c9ec837d4bb0cfd9756">
                <material>
                  <mattext texttype="text/html">&lt;p&gt;ciqnouuclucnvjxirhpeasyjivqdwewhgbwtsvmlspxskfjakgutqelpwrthdfaunanaovqcmkilxpusj&lt;/p&gt;</mattext>
                </material>
              </response_label>
              <response_label ident="text2qti_choice_11806cd9475206f49aaa8b88b2985af20ac8d4b78055fa429b391feb1ee9b463">
                <material>
                  <mattext texttype="text/html">&lt;p&gt;eyrdnbydjbvythndexxvxdlebpuadsavlnywlblccwotiblqvvjpxppdhioxxfwqtspgjgajajewronoh&lt;/p&gt;</mattext>
                </material>
              </response_label>
              <response_label ident="text2qti_choice_b216420bcde568d19254cabb54929d1f1badde79c382b4a3f48d973d75972c57">
                <material>
                  <mattext texttype="text/html">&lt;p&gt;abrgsvsvgfbtnvxyrfrciskvbbfgugcnpgksrhomswtkkbjuxfukktystoiancltmqybhunbxwfohdhhr&lt;/p&gt;</mattext>
                </material>
              </response_label>
              <response_label ident="text2qti_choice_dfef18a852ef2cdbbaa8cee51f9b530356418ce0f9205892980bc472a74ba553">
                <material>
                  <mattext texttype="text/html">&lt;p&gt;kqkvgmqcifxghdntxgbpuunajbrfhwerkolycbkwivccjvgjcwjgxtftareenqknoblafiutfgfyifyse&lt;/p&gt;</mattext>
                </material>
              </response_label>
              <response_label ident="text2qti_choice_54a05be326234241508c89db65c8fc4acb04a615c8b7b13f2e6edd322cbcd27d">
                <material>
                  <mattext texttype="text/html">&lt;p&gt;vesjflweakarxnkfwhdtcpmidqanmpidicolgrjuwutvrjnelyhpsgkwjtcrdcuiladujeldbcngdogra&lt;/p&gt;</mattext>
                </material>
              </response_label>
            </render_choice>
          </response_lid>
        </presentation>
        <resprocessing>
          <outcomes>
            <decvar maxvalue="100" minvalue="0" varname="SCORE" vartype="Decimal"/>
          </outcomes>
          <respcondition continue="No">
            <conditionvar>
              <varequal respident="response1">text2qti_choice_11806cd9475206f49aaa8b88b2985af20ac8d4b78055fa429b391feb1ee9b463</varequal>
            </conditionvar>
            <setvar action="Set" varname="SCORE">100</setvar>
          </respcondition>
        </resprocessing>
      </item>
    </section>
  </assessment>
</questestinterop>
